Model,Execution Time (seconds)
CountVectorizer,0.00018143653869628906
TF-IDF,0.0001163482666015625
