Model,Execution Time (seconds)
CountVectorizer,0.00020694732666015625
TF-IDF,0.00011277198791503906
